URL,Page Name,Page Type,Primary Keyword,Secondary Keywords,Search Intent,Meta Title,Title Characters,Meta Description,Description Characters,Canonical URL,Robots,OG Title,OG Description,OG Image,Twitter Title,Twitter Description,Twitter Image,H1,Schema Type,SEO Status
"https://houserobotics.online/","Homepage","Homepage","digital marketing agency","technology agency; business growth; AI automation; SEO services; web development","Commercial","Digital Marketing & Technology Agency | House Robotics","54","House Robotics unites digital marketing, AI automation, and web development to help ambitious brands scale traffic, leads, and revenue.","135","https://houserobotics.online/","index, follow","Digital Marketing & Technology Agency | House Robotics","House Robotics unites digital marketing, AI automation, and web development to help ambitious brands scale traffic, leads, and revenue.","https://houserobotics.online/assets/home-hero-visual.webp","Digital Marketing & Technology Agency | House Robotics","House Robotics unites digital marketing, AI automation, and web development to help ambitious brands scale traffic, leads, and revenue.","https://houserobotics.online/assets/home-hero-visual.webp","Digital Marketing & Technology for Scalable Business Growth","Organization, WebSite","PASS"
"https://houserobotics.online/services","Services Overview","Services Directory","digital marketing services","technology solutions; full service agency; marketing automation; growth engineering","Commercial","Digital Marketing & Technology Services | House Robotics","56","Explore full-service digital marketing and technology solutions: SEO, Google Ads, custom web development, AI automation, and CRO for growth.","140","https://houserobotics.online/services","index, follow","Digital Marketing & Technology Services | House Robotics","Explore full-service digital marketing and technology solutions: SEO, Google Ads, custom web development, AI automation, and CRO for growth.","https://houserobotics.online/assets/home-services-overview.webp","Digital Marketing & Technology Services | House Robotics","Explore full-service digital marketing and technology solutions: SEO, Google Ads, custom web development, AI automation, and CRO for growth.","https://houserobotics.online/assets/home-services-overview.webp","Full-Spectrum Digital Marketing & Technology Solutions","CollectionPage, BreadcrumbList","PASS"
"https://houserobotics.online/about","About Us","Company About","digital agency team","about House Robotics; marketing engineers; agency mission; technology consultants","Brand","About House Robotics | Digital Marketing & Tech Agency","54","Learn how House Robotics pairs seasoned digital marketing strategists with software engineers to deliver compounding business growth for clients.","145","https://houserobotics.online/about","index, follow","About House Robotics | Digital Marketing & Tech Agency","Learn how House Robotics pairs seasoned digital marketing strategists with software engineers to deliver compounding business growth for clients.","https://houserobotics.online/assets/about-company-overview.webp","About House Robotics | Digital Marketing & Tech Agency","Learn how House Robotics pairs seasoned digital marketing strategists with software engineers to deliver compounding business growth for clients.","https://houserobotics.online/assets/about-company-overview.webp","Engineered for Businesses That Refuse Generic Marketing","Organization, BreadcrumbList","PASS"
"https://houserobotics.online/contact","Contact","Contact & Consultation","hire digital marketing agency","contact House Robotics; marketing consultation; project inquiry; schedule growth audit","Transactional","Contact House Robotics | Free Growth Consultation","49","Schedule your 30-minute growth consultation with House Robotics. Connect with our digital marketing and web technology specialists today.","137","https://houserobotics.online/contact","index, follow","Contact House Robotics | Free Growth Consultation","Schedule your 30-minute growth consultation with House Robotics. Connect with our digital marketing and web technology specialists today.","https://houserobotics.online/assets/contact-page-visual.webp","Contact House Robotics | Free Growth Consultation","Schedule your 30-minute growth consultation with House Robotics. Connect with our digital marketing and web technology specialists today.","https://houserobotics.online/assets/contact-page-visual.webp","Let's Build Something That Moves Your Business Forward.","ContactPage, BreadcrumbList","PASS"
"https://houserobotics.online/blog","Blog","Blog Index","digital marketing insights","SEO playbooks; AI automation guides; web performance tips; growth marketing articles","Informational","Digital Marketing & Tech Insights | House Robotics Blog","55","Read actionable playbooks on generative SEO, AI automation workflows, paid media bidding, and web speed optimization from House Robotics.","137","https://houserobotics.online/blog","index, follow","Digital Marketing & Tech Insights | House Robotics Blog","Read actionable playbooks on generative SEO, AI automation workflows, paid media bidding, and web speed optimization from House Robotics.","https://houserobotics.online/assets/blog-page-hero.webp","Digital Marketing & Tech Insights | House Robotics Blog","Read actionable playbooks on generative SEO, AI automation workflows, paid media bidding, and web speed optimization from House Robotics.","https://houserobotics.online/assets/blog-page-hero.webp","Insights for Smarter Digital Growth","Blog, BreadcrumbList","PASS"
"https://houserobotics.online/seo","Search Engine Optimization (SEO) Services","Service Landing Page","SEO services","organic search optimization; technical SEO audit; enterprise SEO; link building; keyword strategy","Commercial","Professional SEO Services | Organic Search Optimization","55","Accelerate organic traffic and qualified leads with data-backed SEO services, technical search audits, high-intent content, and link building.","142","https://houserobotics.online/seo","index, follow","Professional SEO Services | Organic Search Optimization","Accelerate organic traffic and qualified leads with data-backed SEO services, technical search audits, high-intent content, and link building.","https://houserobotics.online/assets/seo-page-hero.webp","Professional SEO Services | Organic Search Optimization","Accelerate organic traffic and qualified leads with data-backed SEO services, technical search audits, high-intent content, and link building.","https://houserobotics.online/assets/seo-page-hero.webp","SEO That Turns Search Visibility Into Business Growth","Service, Organization, WebSite, BreadcrumbList","PASS"
"https://houserobotics.online/local-seo","Local SEO & Google Maps Marketing","Service Landing Page","local SEO services","Google Maps 3-pack; Google Business Profile; local search ranking; geo-targeted citations","Commercial","Local SEO Services & Google Maps Ranking | House Robotics","57","Dominate local search results and Google Maps 3-Pack rankings. Our local SEO services turn nearby search queries into booked appointments.","138","https://houserobotics.online/local-seo","index, follow","Local SEO Services & Google Maps Ranking | House Robotics","Dominate local search results and Google Maps 3-Pack rankings. Our local SEO services turn nearby search queries into booked appointments.","https://houserobotics.online/assets/local-seo-page-hero.webp","Local SEO Services & Google Maps Ranking | House Robotics","Dominate local search results and Google Maps 3-Pack rankings. Our local SEO services turn nearby search queries into booked appointments.","https://houserobotics.online/assets/local-seo-page-hero.webp","Local SEO Services & Google Maps 3-Pack Optimization","Service, Organization, WebSite, BreadcrumbList","PASS"
"https://houserobotics.online/social-media","Social Media Marketing Services","Service Landing Page","social media marketing services","social media management; Instagram marketing; LinkedIn B2B ads; TikTok brand campaigns","Commercial","Social Media Marketing Services | House Robotics","48","Build loyal brand communities and acquire customers with performance-driven social media marketing services across LinkedIn, Meta, and TikTok.","142","https://houserobotics.online/social-media","index, follow","Social Media Marketing Services | House Robotics","Build loyal brand communities and acquire customers with performance-driven social media marketing services across LinkedIn, Meta, and TikTok.","https://houserobotics.online/assets/social-media-marketing-page-hero.webp","Social Media Marketing Services | House Robotics","Build loyal brand communities and acquire customers with performance-driven social media marketing services across LinkedIn, Meta, and TikTok.","https://houserobotics.online/assets/social-media-marketing-page-hero.webp","Social Media Marketing Services That Drive Pipeline","Service, Organization, WebSite, BreadcrumbList","PASS"
"https://houserobotics.online/ppc","PPC & Paid Search Advertising Services","Service Landing Page","PPC management services","Google Ads agency; paid search marketing; ROAS optimization; search advertising management","Commercial","PPC Management Services & Google Ads | House Robotics","53","Maximize ad returns with data-driven PPC management services. We build high-converting Google Ads campaigns that reduce CAC and boost ROAS.","139","https://houserobotics.online/ppc","index, follow","PPC Management Services & Google Ads | House Robotics","Maximize ad returns with data-driven PPC management services. We build high-converting Google Ads campaigns that reduce CAC and boost ROAS.","https://houserobotics.online/assets/ppc-google-ads-page-hero.webp","PPC Management Services & Google Ads | House Robotics","Maximize ad returns with data-driven PPC management services. We build high-converting Google Ads campaigns that reduce CAC and boost ROAS.","https://houserobotics.online/assets/ppc-google-ads-page-hero.webp","PPC Management Services & High-ROAS Google Ads","Service, Organization, WebSite, BreadcrumbList","PASS"
"https://houserobotics.online/ai-automation","AI Automation & Business Workflows","Service Landing Page","AI automation services","marketing automation agency; business workflow automation; CRM AI integration; lead routing automation","Commercial","AI Automation Services & Workflows | House Robotics","51","Automate repetitive tasks and qualify leads 24/7 with custom AI automation services, intelligent CRM webhooks, and streamlined workflows.","137","https://houserobotics.online/ai-automation","index, follow","AI Automation Services & Workflows | House Robotics","Automate repetitive tasks and qualify leads 24/7 with custom AI automation services, intelligent CRM webhooks, and streamlined workflows.","https://houserobotics.online/assets/home-ai-automation.webp","AI Automation Services & Workflows | House Robotics","Automate repetitive tasks and qualify leads 24/7 with custom AI automation services, intelligent CRM webhooks, and streamlined workflows.","https://houserobotics.online/assets/home-ai-automation.webp","AI Automation Services & Connected Business Workflows","Service, Organization, WebSite, BreadcrumbList","PASS"
"https://houserobotics.online/web-development","Custom Web Development Services","Service Landing Page","web development services","custom web engineering; React development; modern web applications; fast responsive websites","Commercial","Custom Web Development Services | House Robotics","48","Engineer ultra-fast, responsive web applications with modern web development services built in React, TypeScript, and clean semantic architecture.","146","https://houserobotics.online/web-development","index, follow","Custom Web Development Services | House Robotics","Engineer ultra-fast, responsive web applications with modern web development services built in React, TypeScript, and clean semantic architecture.","https://houserobotics.online/assets/web-development-page-hero.webp","Custom Web Development Services | House Robotics","Engineer ultra-fast, responsive web applications with modern web development services built in React, TypeScript, and clean semantic architecture.","https://houserobotics.online/assets/web-development-page-hero.webp","Custom Web Development Services Engineered for Speed & Conversion","Service, Organization, WebSite, BreadcrumbList","PASS"
"https://houserobotics.online/wordpress","WordPress & CMS Development Services","Service Landing Page","WordPress development services","custom WordPress themes; WooCommerce development; headless WordPress; WordPress speed optimization","Commercial","WordPress Development Services | House Robotics","47","Fast, secure, lightweight WordPress development services with custom Gutenberg block architecture, plugin audits, and top Lighthouse scores.","140","https://houserobotics.online/wordpress","index, follow","WordPress Development Services | House Robotics","Fast, secure, lightweight WordPress development services with custom Gutenberg block architecture, plugin audits, and top Lighthouse scores.","https://houserobotics.online/assets/wordpress-page-hero.webp","WordPress Development Services | House Robotics","Fast, secure, lightweight WordPress development services with custom Gutenberg block architecture, plugin audits, and top Lighthouse scores.","https://houserobotics.online/assets/wordpress-page-hero.webp","WordPress & CMS Development","Service, Organization, WebSite, BreadcrumbList","PASS"
"https://houserobotics.online/shopify","Shopify Development & Storefront Engineering","Service Landing Page","Shopify development services","Shopify theme customization; e-commerce store design; Shopify app integrations; checkout optimization","Commercial","Shopify Development Services | House Robotics","45","Build high-converting e-commerce storefronts with expert Shopify development services, bespoke Liquid themes, and frictionless checkout flows.","142","https://houserobotics.online/shopify","index, follow","Shopify Development Services | House Robotics","Build high-converting e-commerce storefronts with expert Shopify development services, bespoke Liquid themes, and frictionless checkout flows.","https://houserobotics.online/assets/shopify-page-hero.webp","Shopify Development Services | House Robotics","Build high-converting e-commerce storefronts with expert Shopify development services, bespoke Liquid themes, and frictionless checkout flows.","https://houserobotics.online/assets/shopify-page-hero.webp","Shopify & E-commerce Store Development","Service, Organization, WebSite, BreadcrumbList","PASS"
"https://houserobotics.online/ecommerce","E-commerce Architecture & Online Retail Systems","Service Landing Page","ecommerce development services","online retail architecture; headless ecommerce; multi-currency checkout; high AOV product funnels","Commercial","E-commerce Development Services | House Robotics","48","Scale sales with enterprise ecommerce development services featuring headless architecture, 1-click upsells, and lightning-fast checkout velocity.","146","https://houserobotics.online/ecommerce","index, follow","E-commerce Development Services | House Robotics","Scale sales with enterprise ecommerce development services featuring headless architecture, 1-click upsells, and lightning-fast checkout velocity.","https://houserobotics.online/assets/ecommerce-page-hero.webp","E-commerce Development Services | House Robotics","Scale sales with enterprise ecommerce development services featuring headless architecture, 1-click upsells, and lightning-fast checkout velocity.","https://houserobotics.online/assets/ecommerce-page-hero.webp","E-commerce Architecture & Digital Store Engineering","Service, Organization, WebSite, BreadcrumbList","PASS"
"https://houserobotics.online/email-marketing","Email Marketing & Retention Sequences","Service Landing Page","email marketing services","lifecycle marketing; Klaviyo workflows; automated email drip; customer retention sequences","Commercial","Email Marketing Services & Retention | House Robotics","53","Boost lifetime value and repeat sales with automated email marketing services, behavioral drip sequences, and high-deliverability campaigns.","140","https://houserobotics.online/email-marketing","index, follow","Email Marketing Services & Retention | House Robotics","Boost lifetime value and repeat sales with automated email marketing services, behavioral drip sequences, and high-deliverability campaigns.","https://houserobotics.online/assets/email-marketing-page-hero.webp","Email Marketing Services & Retention | House Robotics","Boost lifetime value and repeat sales with automated email marketing services, behavioral drip sequences, and high-deliverability campaigns.","https://houserobotics.online/assets/email-marketing-page-hero.webp","Email Marketing & Customer Retention Automation","Service, Organization, WebSite, BreadcrumbList","PASS"
"https://houserobotics.online/content-marketing","Content Marketing & Copywriting Services","Service Landing Page","content marketing services","B2B copywriting; editorial content roadmap; thought leadership articles; whitepapers and case studies","Commercial","Content Marketing & Copywriting Services | House Robotics","57","Establish industry authority and generate organic leads with data-driven content marketing services, deep research, and persuasive copywriting.","143","https://houserobotics.online/content-marketing","index, follow","Content Marketing & Copywriting Services | House Robotics","Establish industry authority and generate organic leads with data-driven content marketing services, deep research, and persuasive copywriting.","https://houserobotics.online/assets/content-marketing-page-hero.webp","Content Marketing & Copywriting Services | House Robotics","Establish industry authority and generate organic leads with data-driven content marketing services, deep research, and persuasive copywriting.","https://houserobotics.online/assets/content-marketing-page-hero.webp","Content Marketing & Authority Copywriting","Service, Organization, WebSite, BreadcrumbList","PASS"
"https://houserobotics.online/cro","Conversion Rate Optimization (CRO) Services","Service Landing Page","conversion rate optimization","CRO services; website A/B testing; UX heuristics audit; checkout conversion rate","Commercial","Conversion Rate Optimization Services | House Robotics","54","Turn existing website visitors into buyers with scientific conversion rate optimization services, user session heatmaps, and A/B test experiments.","146","https://houserobotics.online/cro","index, follow","Conversion Rate Optimization Services | House Robotics","Turn existing website visitors into buyers with scientific conversion rate optimization services, user session heatmaps, and A/B test experiments.","https://houserobotics.online/assets/cro-page-hero.webp","Conversion Rate Optimization Services | House Robotics","Turn existing website visitors into buyers with scientific conversion rate optimization services, user session heatmaps, and A/B test experiments.","https://houserobotics.online/assets/cro-page-hero.webp","Conversion Rate Optimization (CRO)","Service, Organization, WebSite, BreadcrumbList","PASS"
"https://houserobotics.online/lead-generation","B2B Lead Generation Engines","Service Landing Page","lead generation services","B2B lead generation; inbound sales pipeline; appointment setting; lead qualification funnels","Commercial","B2B Lead Generation Services | House Robotics","45","Fill your sales pipeline with predictable, qualified prospects using multi-channel lead generation services, targeted funnels, and CRM routing.","143","https://houserobotics.online/lead-generation","index, follow","B2B Lead Generation Services | House Robotics","Fill your sales pipeline with predictable, qualified prospects using multi-channel lead generation services, targeted funnels, and CRM routing.","https://houserobotics.online/assets/lead-generation-page-hero.webp","B2B Lead Generation Services | House Robotics","Fill your sales pipeline with predictable, qualified prospects using multi-channel lead generation services, targeted funnels, and CRM routing.","https://houserobotics.online/assets/lead-generation-page-hero.webp","B2B Lead Generation Engines & Pipeline Systems","Service, Organization, WebSite, BreadcrumbList","PASS"
"https://houserobotics.online/analytics","Analytics & Performance Attribution Reporting","Service Landing Page","digital marketing analytics","GA4 setup; server side tracking; multi touch attribution; Looker Studio dashboards","Commercial","Digital Marketing Analytics & GA4 | House Robotics","50","Gain clarity into customer acquisition costs and campaign ROI with custom digital marketing analytics dashboards and server-side GA4 tracking.","142","https://houserobotics.online/analytics","index, follow","Digital Marketing Analytics & GA4 | House Robotics","Gain clarity into customer acquisition costs and campaign ROI with custom digital marketing analytics dashboards and server-side GA4 tracking.","https://houserobotics.online/assets/analytics-page-hero.webp","Digital Marketing Analytics & GA4 | House Robotics","Gain clarity into customer acquisition costs and campaign ROI with custom digital marketing analytics dashboards and server-side GA4 tracking.","https://houserobotics.online/assets/analytics-page-hero.webp","Analytics & Performance Attribution Reporting","Service, Organization, WebSite, BreadcrumbList","PASS"
"https://houserobotics.online/branding","Branding & Graphic Design Systems","Service Landing Page","branding services","brand identity design; logo design system; creative design agency; visual collateral","Commercial","Strategic Branding & Design Services | House Robotics","53","Elevate brand prestige with cohesive branding services, comprehensive design systems, logo guidelines, and conversion-ready visual collateral.","142","https://houserobotics.online/branding","index, follow","Strategic Branding & Design Services | House Robotics","Elevate brand prestige with cohesive branding services, comprehensive design systems, logo guidelines, and conversion-ready visual collateral.","https://houserobotics.online/assets/branding-page-hero.webp","Strategic Branding & Design Services | House Robotics","Elevate brand prestige with cohesive branding services, comprehensive design systems, logo guidelines, and conversion-ready visual collateral.","https://houserobotics.online/assets/branding-page-hero.webp","Branding & Graphic Design Systems","Service, Organization, WebSite, BreadcrumbList","PASS"
"https://houserobotics.online/video-marketing","Video Marketing & Creative Production","Service Landing Page","video marketing services","short form video ads; YouTube video production; video marketing strategy; product demo videos","Commercial","Video Marketing & Creative Production | House Robotics","54","Capture attention and boost conversions with video marketing services, high-retention short-form clips, product demos, and social video ads.","140","https://houserobotics.online/video-marketing","index, follow","Video Marketing & Creative Production | House Robotics","Capture attention and boost conversions with video marketing services, high-retention short-form clips, product demos, and social video ads.","https://houserobotics.online/assets/video-marketing-page-hero.webp","Video Marketing & Creative Production | House Robotics","Capture attention and boost conversions with video marketing services, high-retention short-form clips, product demos, and social video ads.","https://houserobotics.online/assets/video-marketing-page-hero.webp","Video Marketing & Creative Video Production","Service, Organization, WebSite, BreadcrumbList","PASS"
"https://houserobotics.online/online-reputation","Online Reputation Management","Service Landing Page","online reputation management","review management software; Google review generation; brand sentiment monitoring; 5 star review acquisition","Commercial","Online Reputation Management Services | House Robotics","54","Protect and elevate brand authority with online reputation management services, automated 5-star customer review funnels, and sentiment tracking.","145","https://houserobotics.online/online-reputation","index, follow","Online Reputation Management Services | House Robotics","Protect and elevate brand authority with online reputation management services, automated 5-star customer review funnels, and sentiment tracking.","https://houserobotics.online/assets/online-reputation-page-hero.webp","Online Reputation Management Services | House Robotics","Protect and elevate brand authority with online reputation management services, automated 5-star customer review funnels, and sentiment tracking.","https://houserobotics.online/assets/online-reputation-page-hero.webp","Online Reputation Management & Review Acceleration","Service, Organization, WebSite, BreadcrumbList","PASS"
"https://houserobotics.online/blog/the-modern-seo-playbook","The Modern SEO Playbook","Blog Article","modern SEO playbook","AI Overviews ranking; generative engine optimization; GEO search citations; entity authority SEO","Informational","Modern SEO Playbook: Ranking in AI Search | House Robotics","58","Discover how AI Overviews and answer engines reshape search rankings, and learn how to optimize entity authority for generative search citations.","145","https://houserobotics.online/blog/the-modern-seo-playbook","index, follow","Modern SEO Playbook: Ranking in AI Search | House Robotics","Discover how AI Overviews and answer engines reshape search rankings, and learn how to optimize entity authority for generative search citations.","https://houserobotics.online/images/blog-ai-search.svg","Modern SEO Playbook: Ranking in AI Search | House Robotics","Discover how AI Overviews and answer engines reshape search rankings, and learn how to optimize entity authority for generative search citations.","https://houserobotics.online/images/blog-ai-search.svg","The Modern SEO Playbook: How AI Overviews Are Changing Search Rankings","Article, Organization, BreadcrumbList","PASS"
"https://houserobotics.online/blog/practical-ai-automation","Practical AI Automation","Blog Article","practical AI automation","connected workflows CRM; business automation playbook; automated lead intake; eliminate busywork AI","Informational","Practical AI Automation for Businesses | House Robotics","55","Learn how to connect sales and marketing channels directly to your CRM with practical AI automation workflows that eliminate repetitive busywork.","145","https://houserobotics.online/blog/practical-ai-automation","index, follow","Practical AI Automation for Businesses | House Robotics","Learn how to connect sales and marketing channels directly to your CRM with practical AI automation workflows that eliminate repetitive busywork.","https://houserobotics.online/images/blog-autonomous-agents.svg","Practical AI Automation for Businesses | House Robotics","Learn how to connect sales and marketing channels directly to your CRM with practical AI automation workflows that eliminate repetitive busywork.","https://houserobotics.online/images/blog-autonomous-agents.svg","Practical AI Automation: Replacing Busywork with Connected Workflows","Article, Organization, BreadcrumbList","PASS"
"https://houserobotics.online/blog/why-page-speed-is-the-ultimate-conversion-rate-multiplier","Page Speed & Conversions","Blog Article","page speed conversion rate","Core Web Vitals CRO; fast website loading; mobile latency impact; React website speed","Informational","Why Page Speed Multiplies Conversions | House Robotics","54","Discover why every 100ms delay hurts checkout rates and how modern, clean frontend stacks deliver superior Core Web Vitals and higher revenue.","142","https://houserobotics.online/blog/why-page-speed-is-the-ultimate-conversion-rate-multiplier","index, follow","Why Page Speed Multiplies Conversions | House Robotics","Discover why every 100ms delay hurts checkout rates and how modern, clean frontend stacks deliver superior Core Web Vitals and higher revenue.","https://houserobotics.online/images/blog-react-perf.svg","Why Page Speed Multiplies Conversions | House Robotics","Discover why every 100ms delay hurts checkout rates and how modern, clean frontend stacks deliver superior Core Web Vitals and higher revenue.","https://houserobotics.online/images/blog-react-perf.svg","Why Page Speed Is the Ultimate Conversion Rate Multiplier","Article, Organization, BreadcrumbList","PASS"
"https://houserobotics.online/blog/google-ads-in-2026-eliminating-wasteful-spend","Google Ads Spend Optimization","Blog Article","eliminate wasteful Google Ads spend","precision negative keyword lists; Google Ads ROAS; broad match keyword bleed; PPC budget protection","Informational","Google Ads Strategy: Cut Wasteful Ad Spend | House Robotics","59","Audit broad-match keyword bleed, protect your ad budget, and acquire high-intent commercial buyers with precision negative keyword strategies.","142","https://houserobotics.online/blog/google-ads-in-2026-eliminating-wasteful-spend","index, follow","Google Ads Strategy: Cut Wasteful Ad Spend | House Robotics","Audit broad-match keyword bleed, protect your ad budget, and acquire high-intent commercial buyers with precision negative keyword strategies.","https://houserobotics.online/images/blog-b2b-funnels.svg","Google Ads Strategy: Cut Wasteful Ad Spend | House Robotics","Audit broad-match keyword bleed, protect your ad budget, and acquire high-intent commercial buyers with precision negative keyword strategies.","https://houserobotics.online/images/blog-b2b-funnels.svg","Google Ads in 2026: Eliminating Wasteful Spend with Precision Negative Lists","Article, Organization, BreadcrumbList","PASS"
"https://houserobotics.online/blog/google-maps-3-pack-mastery","Google Maps 3-Pack Mastery","Blog Article","Google Maps 3 pack mastery","local geo grid ranking; local SEO territory dominance; automated SMS review velocity; Google Business Profile strategy","Informational","Google Maps 3-Pack Mastery & Local SEO | House Robotics","55","Master the Google Maps 3-Pack with local geo-grid optimization, automated review velocity, and entity citations to dominate regional search.","140","https://houserobotics.online/blog/google-maps-3-pack-mastery","index, follow","Google Maps 3-Pack Mastery & Local SEO | House Robotics","Master the Google Maps 3-Pack with local geo-grid optimization, automated review velocity, and entity citations to dominate regional search.","https://houserobotics.online/images/blog-local-maps.svg","Google Maps 3-Pack Mastery & Local SEO | House Robotics","Master the Google Maps 3-Pack with local geo-grid optimization, automated review velocity, and entity citations to dominate regional search.","https://houserobotics.online/images/blog-local-maps.svg","Google Maps 3-Pack Mastery: Local Geo-Grid Dominance","Article, Organization, BreadcrumbList","PASS"
"https://houserobotics.online/blog/high-converting-short-form-video-systems","Short-Form Video Systems","Blog Article","short form video marketing","Reels and Shorts for business; video conversion taxonomy; viral video ROI; social video attribution","Informational","Short-Form Video Systems That Convert | House Robotics","54","Turn viral views into qualified pipeline. Learn the 3-second hook taxonomy and attribution workflows for high-converting short-form videos.","139","https://houserobotics.online/blog/high-converting-short-form-video-systems","index, follow","Short-Form Video Systems That Convert | House Robotics","Turn viral views into qualified pipeline. Learn the 3-second hook taxonomy and attribution workflows for high-converting short-form videos.","https://houserobotics.online/images/blog-short-form.svg","Short-Form Video Systems That Convert | House Robotics","Turn viral views into qualified pipeline. Learn the 3-second hook taxonomy and attribution workflows for high-converting short-form videos.","https://houserobotics.online/images/blog-short-form.svg","High-Converting Short-Form Video Systems for Modern Brands","Article, Organization, BreadcrumbList","PASS"
"https://houserobotics.online/how-much-does-seo-cost-in-the-uk/","How Much Does SEO Cost in the UK?","Blog Article","how much does SEO cost in the UK","SEO pricing UK; SEO cost UK; SEO retainer cost; SEO agency pricing","Informational","How Much Does SEO Cost in the UK? 2026 Pricing Guide","51","Discover typical UK SEO costs in 2026. Explore monthly retainers (£500–£5,000+), one-off audit rates, project pricing, and what drives organic search ROI.","154","https://houserobotics.online/how-much-does-seo-cost-in-the-uk/","index, follow","How Much Does SEO Cost in the UK? 2026 Pricing Guide","Discover typical UK SEO costs in 2026. Explore monthly retainers (£500–£5,000+), one-off audit rates, project pricing, and what drives organic search ROI.","https://houserobotics.online/images/how-much-does-seo-cost-in-the-uk.webp","How Much Does SEO Cost in the UK? 2026 Pricing Guide","Discover typical UK SEO costs in 2026. Explore monthly retainers (£500–£5,000+), one-off audit rates, project pricing, and what drives organic search ROI.","https://houserobotics.online/images/how-much-does-seo-cost-in-the-uk.webp","How Much Does SEO Cost in the UK? (2026 Pricing Guide)","Article, Organization, BreadcrumbList","PASS"
"https://houserobotics.online/what-is-seo-and-why-does-your-business-need-it/","What Is SEO and Why Does Your Business Need It?","Blog Article","what is SEO and why does your business need it","what is SEO; why businesses need SEO; benefits of SEO; organic search growth","Informational","What Is SEO & Why Does Your Business Need It? (Guide)","52","Learn what SEO is and why every business needs organic search visibility to build trust, capture high-intent leads, and drive compounding revenue.","147","https://houserobotics.online/what-is-seo-and-why-does-your-business-need-it/","index, follow","What Is SEO & Why Does Your Business Need It? (Guide)","Learn what SEO is and why every business needs organic search visibility to build trust, capture high-intent leads, and drive compounding revenue.","https://houserobotics.online/images/what-is-seo-and-why-does-your-business-need-it.webp","What Is SEO & Why Does Your Business Need It? (Guide)","Learn what SEO is and why every business needs organic search visibility to build trust, capture high-intent leads, and drive compounding revenue.","https://houserobotics.online/images/what-is-seo-and-why-does-your-business-need-it.webp","What Is SEO and Why Does Your Business Need It?","Article, Organization, BreadcrumbList","PASS"
"https://houserobotics.online/seo-vs-ppc-which-is-better-for-your-business/","SEO vs PPC: Which Is Better for Your Business?","Blog Article","SEO vs PPC","SEO vs PPC comparison; organic vs paid search; Google Ads vs SEO; PPC or SEO for business","Informational","SEO vs PPC: Which Is Better for Your Business?","46","SEO vs PPC comparison guide: discover differences in speed, cost, long-term ROI, and learn how to build a unified search strategy that maximizes revenue.","154","https://houserobotics.online/seo-vs-ppc-which-is-better-for-your-business/","index, follow","SEO vs PPC: Which Is Better for Your Business?","SEO vs PPC comparison guide: discover differences in speed, cost, long-term ROI, and learn how to build a unified search strategy that maximizes revenue.","https://houserobotics.online/images/seo-vs-ppc-which-is-better-for-your-business.webp","SEO vs PPC: Which Is Better for Your Business?","SEO vs PPC comparison guide: discover differences in speed, cost, long-term ROI, and learn how to build a unified search strategy that maximizes revenue.","https://houserobotics.online/images/seo-vs-ppc-which-is-better-for-your-business.webp","SEO vs PPC: Which Is Better for Your Business?","Article, Organization, BreadcrumbList","PASS"
"https://houserobotics.online/how-google-business-profile-helps-local-businesses/","How Google Business Profile Helps Local Businesses","Blog Article","how Google Business Profile helps local businesses","Google Business Profile benefits; Google Maps marketing; local SEO Google Business; Google 3-pack ranking","Informational","How Google Business Profile Helps Local Businesses | Guide","58","Discover how Google Business Profile drives local visibility, Google Maps 3-Pack rankings, customer trust, and steady inbound phone calls for local businesses.","160","https://houserobotics.online/how-google-business-profile-helps-local-businesses/","index, follow","How Google Business Profile Helps Local Businesses | Guide","Discover how Google Business Profile drives local visibility, Google Maps 3-Pack rankings, customer trust, and steady inbound phone calls for local businesses.","https://houserobotics.online/images/how-google-business-profile-helps-local-businesses.webp","How Google Business Profile Helps Local Businesses | Guide","Discover how Google Business Profile drives local visibility, Google Maps 3-Pack rankings, customer trust, and steady inbound phone calls for local businesses.","https://houserobotics.online/images/how-google-business-profile-helps-local-businesses.webp","How Google Business Profile Helps Local Businesses","Article, Organization, BreadcrumbList","PASS"
"https://houserobotics.online/how-to-improve-your-google-rankings-in-2026/","How to Improve Your Google Rankings in 2026","Blog Article","how to improve your Google rankings in 2026","improve Google rankings 2026; SEO strategy 2026; AI Overviews SEO; Google ranking factors 2026","Informational","How to Improve Google Rankings in 2026 | Full Guide","50","Actionable playbook on improving Google rankings in 2026. Master AI Overviews, semantic entity optimization, Core Web Vitals, and authoritative backlinks.","154","https://houserobotics.online/how-to-improve-your-google-rankings-in-2026/","index, follow","How to Improve Google Rankings in 2026 | Full Guide","Actionable playbook on improving Google rankings in 2026. Master AI Overviews, semantic entity optimization, Core Web Vitals, and authoritative backlinks.","https://houserobotics.online/images/how-to-improve-your-google-rankings-in-2026.webp","How to Improve Google Rankings in 2026 | Full Guide","Actionable playbook on improving Google rankings in 2026. Master AI Overviews, semantic entity optimization, Core Web Vitals, and authoritative backlinks.","https://houserobotics.online/images/how-to-improve-your-google-rankings-in-2026.webp","How to Improve Your Google Rankings in 2026: The Complete Guide","Article, Organization, BreadcrumbList","PASS"
"https://houserobotics.online/404","404 Not Found","Error Page (404)","page not found","404 error; missing page","Navigational","Page Not Found (404) | House Robotics","37","The requested page could not be found. Explore House Robotics digital marketing services, read our growth blog, or return to the homepage.","138","https://houserobotics.online/404","noindex, follow","Page Not Found (404) | House Robotics","The requested page could not be found. Explore House Robotics digital marketing services, read our growth blog, or return to the homepage.","https://houserobotics.online/assets/home-hero-visual.webp","Page Not Found (404) | House Robotics","The requested page could not be found. Explore House Robotics digital marketing services, read our growth blog, or return to the homepage.","https://houserobotics.online/assets/home-hero-visual.webp","404 — Page Not Found","WebPage","PASS"